user_id,display_name
user_001,user_001
user_002,user_002
user_003,user_003
user_004,user_004
user_005,user_005
user_006,user_006
user_007,user_007
user_008,user_008
user_009,user_009
user_010,user_010
user_011,user_011
user_012,user_012
user_013,user_013
user_014,user_014
user_015,user_015
user_016,user_016
user_017,user_017
user_018,user_018
user_019,user_019
user_020,user_020
user_021,user_021
user_022,user_022
user_023,user_023
user_024,user_024
user_025,user_025
user_026,user_026
user_027,user_027
user_028,user_028
user_029,user_029
user_030,user_030
user_031,user_031
user_032,user_032
user_033,user_033
user_034,user_034
user_035,user_035
user_036,user_036
user_037,user_037
user_038,user_038
user_039,user_039
user_040,user_040
user_041,user_041
user_042,user_042
user_043,user_043
user_044,user_044
user_045,user_045
user_046,user_046
user_047,user_047
user_048,user_048
user_049,user_049
user_050,user_050
user_051,user_051
user_052,user_052
user_053,user_053
user_054,user_054
user_055,user_055
user_056,user_056
user_057,user_057
user_058,user_058
user_059,user_059
user_060,user_060
user_061,user_061
user_062,user_062
user_063,user_063
user_064,user_064
user_065,user_065
user_066,user_066
user_067,user_067
user_068,user_068
user_069,user_069
user_070,user_070
user_071,user_071
user_072,user_072
user_073,user_073
user_074,user_074
user_075,user_075
user_076,user_076
user_077,user_077
user_078,user_078
user_079,user_079
user_080,user_080
user_081,user_081
user_082,user_082
user_083,user_083
user_084,user_084
user_085,user_085
user_086,user_086
user_087,user_087
user_088,user_088
user_089,user_089
user_090,user_090
user_091,user_091
user_092,user_092
user_093,user_093
user_094,user_094
user_095,user_095
user_096,user_096
user_097,user_097
user_098,user_098
user_099,user_099
user_100,user_100
user_101,user_101
user_102,user_102
user_103,user_103
user_104,user_104
user_105,user_105
user_106,user_106
user_107,user_107
user_108,user_108
user_109,user_109
user_110,user_110
user_111,user_111
user_112,user_112
user_113,user_113
user_114,user_114
user_115,user_115
user_116,user_116
user_117,user_117
user_118,user_118
user_119,user_119
user_120,user_120
user_121,user_121
user_122,user_122
user_123,user_123
user_124,user_124
user_125,user_125
user_126,user_126
user_127,user_127
user_128,user_128
user_129,user_129
user_130,user_130
user_131,user_131
user_132,user_132
user_133,user_133
user_134,user_134
user_135,user_135
user_136,user_136
user_137,user_137
user_138,user_138
user_139,user_139
user_140,user_140
user_141,user_141
user_142,user_142
user_143,user_143
user_144,user_144
user_145,user_145
user_146,user_146
user_147,user_147
user_148,user_148
user_149,user_149
user_150,user_150
user_151,user_151
user_152,user_152
user_153,user_153
user_154,user_154
user_155,user_155
user_156,user_156
user_157,user_157
user_158,user_158
user_159,user_159
user_160,user_160
user_161,user_161
user_162,user_162
user_163,user_163
user_164,user_164
user_165,user_165
user_166,user_166
user_167,user_167
user_168,user_168
user_169,user_169
user_170,user_170
user_171,user_171
user_172,user_172
user_173,user_173
user_174,user_174
user_175,user_175
user_176,user_176
user_177,user_177
user_178,user_178
user_179,user_179
user_180,user_180
user_181,user_181
user_182,user_182
user_183,user_183
user_184,user_184
user_185,user_185
user_186,user_186
user_187,user_187
user_188,user_188
user_189,user_189
user_190,user_190
user_191,user_191
user_192,user_192
user_193,user_193
user_194,user_194
user_195,user_195
user_196,user_196
user_197,user_197
user_198,user_198
user_199,user_199
user_200,user_200
user_201,user_201
user_202,user_202
user_203,user_203
user_204,user_204
user_205,user_205
user_206,user_206
user_207,user_207
user_208,user_208
user_209,user_209
user_210,user_210
user_211,user_211
user_212,user_212
user_213,user_213
user_214,user_214
user_215,user_215
user_216,user_216
user_217,user_217
user_218,user_218
user_219,user_219
user_220,user_220
user_221,user_221
user_222,user_222
user_223,user_223
user_224,user_224
user_225,user_225
user_226,user_226
user_227,user_227
user_228,user_228
user_229,user_229
user_230,user_230
user_231,user_231
user_232,user_232
user_233,user_233
user_234,user_234
user_235,user_235
user_236,user_236
user_237,user_237
user_238,user_238
user_239,user_239
user_240,user_240
user_241,user_241
user_242,user_242
user_243,user_243
user_244,user_244
user_245,user_245
user_246,user_246
user_247,user_247
user_248,user_248
user_249,user_249
user_250,user_250
user_251,user_251
user_252,user_252
user_253,user_253
user_254,user_254
user_255,user_255
user_256,user_256
user_257,user_257
user_258,user_258
user_259,user_259
user_260,user_260
user_261,user_261
user_262,user_262
user_263,user_263
user_264,user_264
user_265,user_265
user_266,user_266
user_267,user_267
user_268,user_268
user_269,user_269
user_270,user_270
user_271,user_271
user_272,user_272
user_273,user_273
user_274,user_274
user_275,user_275
user_276,user_276
user_277,user_277
user_278,user_278
user_279,user_279
user_280,user_280
user_281,user_281
user_282,user_282
user_283,user_283
user_284,user_284
user_285,user_285
user_286,user_286
user_287,user_287
user_288,user_288
user_289,user_289
user_290,user_290
user_291,user_291
user_292,user_292
user_293,user_293
user_294,user_294
user_295,user_295
user_296,user_296
user_297,user_297
user_298,user_298
user_299,user_299
user_300,user_300
user_301,user_301
user_302,user_302
user_303,user_303
user_304,user_304
user_305,user_305
user_306,user_306
user_307,user_307
user_308,user_308
user_309,user_309
user_310,user_310
user_311,user_311
user_312,user_312
user_313,user_313
user_314,user_314
user_315,user_315
user_316,user_316
user_317,user_317
user_318,user_318
user_319,user_319
user_320,user_320
user_321,user_321
user_322,user_322
user_323,user_323
user_324,user_324
user_325,user_325
user_326,user_326
user_327,user_327
user_328,user_328
user_329,user_329
user_330,user_330
user_331,user_331
user_332,user_332
user_333,user_333
user_334,user_334
user_335,user_335
user_336,user_336
user_337,user_337
user_338,user_338
user_339,user_339
user_340,user_340
user_341,user_341
user_342,user_342
user_343,user_343
user_344,user_344
user_345,user_345
user_346,user_346
user_347,user_347
user_348,user_348
user_349,user_349
user_350,user_350
user_351,user_351
user_352,user_352
user_353,user_353
user_354,user_354
user_355,user_355
user_356,user_356
user_357,user_357
user_358,user_358
user_359,user_359
user_360,user_360
user_361,user_361
user_362,user_362
user_363,user_363
user_364,user_364
user_365,user_365
user_366,user_366
user_367,user_367
user_368,user_368
user_369,user_369
user_370,user_370
user_371,user_371
user_372,user_372
user_373,user_373
user_374,user_374
user_375,user_375
user_376,user_376
user_377,user_377
user_378,user_378
user_379,user_379
user_380,user_380
user_381,user_381
user_382,user_382
user_383,user_383
user_384,user_384
user_385,user_385
user_386,user_386
user_387,user_387
user_388,user_388
user_389,user_389
user_390,user_390
user_391,user_391
user_392,user_392
user_393,user_393
user_394,user_394
user_395,user_395
user_396,user_396
user_397,user_397
user_398,user_398
user_399,user_399
user_400,user_400
user_401,user_401
user_402,user_402
user_403,user_403
user_404,user_404
user_405,user_405
user_406,user_406
user_407,user_407
user_408,user_408
user_409,user_409
user_410,user_410
user_411,user_411
user_412,user_412
user_413,user_413
user_414,user_414
user_415,user_415
user_416,user_416
user_417,user_417
user_418,user_418
user_419,user_419
user_420,user_420
user_421,user_421
user_422,user_422
user_423,user_423
user_424,user_424
user_425,user_425
user_426,user_426
user_427,user_427
user_428,user_428
user_429,user_429
user_430,user_430
user_431,user_431
user_432,user_432
user_433,user_433
user_434,user_434
user_435,user_435
user_436,user_436
user_437,user_437
user_438,user_438
user_439,user_439
user_440,user_440
user_441,user_441
user_442,user_442
user_443,user_443
user_444,user_444
user_445,user_445
user_446,user_446
user_447,user_447
user_448,user_448
user_449,user_449
user_450,user_450
user_451,user_451
user_452,user_452
user_453,user_453
user_454,user_454
user_455,user_455
user_456,user_456
user_457,user_457
user_458,user_458
user_459,user_459
user_460,user_460
user_461,user_461
user_462,user_462
user_463,user_463
user_464,user_464
user_465,user_465
user_466,user_466
user_467,user_467
user_468,user_468
user_469,user_469
user_470,user_470
user_471,user_471
user_472,user_472
user_473,user_473
user_474,user_474
user_475,user_475
user_476,user_476
user_477,user_477
user_478,user_478
user_479,user_479
user_480,user_480
user_481,user_481
user_482,user_482
user_483,user_483
user_484,user_484
user_485,user_485
user_486,user_486
user_487,user_487
user_488,user_488
user_489,user_489
user_490,user_490
user_491,user_491
user_492,user_492
user_493,user_493
user_494,user_494
user_495,user_495
user_496,user_496
user_497,user_497
user_498,user_498
user_499,user_499
user_500,user_500
user_501,user_501
user_502,user_502
user_503,user_503
user_504,user_504
user_505,user_505
user_506,user_506
user_507,user_507
user_508,user_508
user_509,user_509
user_510,user_510
user_511,user_511
user_512,user_512
user_513,user_513
user_514,user_514
user_515,user_515
user_516,user_516
user_517,user_517
user_518,user_518
user_519,user_519
user_520,user_520
user_521,user_521
user_522,user_522
user_523,user_523
user_524,user_524
user_525,user_525
user_526,user_526
user_527,user_527
user_528,user_528
user_529,user_529
user_530,user_530
user_531,user_531
user_532,user_532
user_533,user_533
user_534,user_534
user_535,user_535
user_536,user_536
user_537,user_537
user_538,user_538
user_539,user_539
user_540,user_540
user_541,user_541
user_542,user_542
user_543,user_543
user_544,user_544
user_545,user_545
user_546,user_546
user_547,user_547
user_548,user_548
user_549,user_549
user_550,user_550
user_551,user_551
user_552,user_552
user_553,user_553
user_554,user_554
user_555,user_555
user_556,user_556
user_557,user_557
user_558,user_558
user_559,user_559
user_560,user_560
user_561,user_561
user_562,user_562
user_563,user_563
user_564,user_564
user_565,user_565
user_566,user_566
user_567,user_567
user_568,user_568
user_569,user_569
user_570,user_570
user_571,user_571
user_572,user_572
user_573,user_573
user_574,user_574
user_575,user_575
user_576,user_576
user_577,user_577
user_578,user_578
user_579,user_579
user_580,user_580
user_581,user_581
user_582,user_582
user_583,user_583
user_584,user_584
user_585,user_585
user_586,user_586
user_587,user_587
user_588,user_588
user_589,user_589
user_590,user_590
user_591,user_591
user_592,user_592
user_593,user_593
user_594,user_594
user_595,user_595
user_596,user_596
user_597,user_597
user_598,user_598
user_599,user_599
user_600,user_600
user_601,user_601
user_602,user_602
user_603,user_603
user_604,user_604
user_605,user_605
user_606,user_606
user_607,user_607
user_608,user_608
user_609,user_609
user_610,user_610
user_611,user_611
user_612,user_612
user_613,user_613
user_614,user_614
user_615,user_615
user_616,user_616
user_617,user_617
user_618,user_618
user_619,user_619
user_620,user_620
user_621,user_621
user_622,user_622
user_623,user_623
user_624,user_624
user_625,user_625
user_626,user_626
user_627,user_627
user_628,user_628
user_629,user_629
user_630,user_630
user_631,user_631
user_632,user_632
user_633,user_633
user_634,user_634
user_635,user_635
user_636,user_636
user_637,user_637
user_638,user_638
user_639,user_639
user_640,user_640
user_641,user_641
user_642,user_642
user_643,user_643
user_644,user_644
user_645,user_645
user_646,user_646
user_647,user_647
user_648,user_648
user_649,user_649
user_650,user_650
user_651,user_651
user_652,user_652
user_653,user_653
user_654,user_654
user_655,user_655
user_656,user_656
user_657,user_657
user_658,user_658
user_659,user_659
user_660,user_660
user_661,user_661
user_662,user_662
user_663,user_663
user_664,user_664
user_665,user_665
user_666,user_666
user_667,user_667
user_668,user_668
user_669,user_669
user_670,user_670
user_671,user_671
user_672,user_672
user_673,user_673
user_674,user_674
user_675,user_675
user_676,user_676
user_677,user_677
user_678,user_678
user_679,user_679
user_680,user_680
user_681,user_681
user_682,user_682
user_683,user_683
user_684,user_684
user_685,user_685
user_686,user_686
user_687,user_687
user_688,user_688
user_689,user_689
user_690,user_690
user_691,user_691
user_692,user_692
user_693,user_693
user_694,user_694
user_695,user_695
user_696,user_696
user_697,user_697
user_698,user_698
user_699,user_699
user_700,user_700
user_701,user_701
user_702,user_702
user_703,user_703
user_704,user_704
user_705,user_705
user_706,user_706
user_707,user_707
user_708,user_708
user_709,user_709
user_710,user_710
user_711,user_711
user_712,user_712
user_713,user_713
user_714,user_714
user_715,user_715
user_716,user_716
user_717,user_717
user_718,user_718
user_719,user_719
user_720,user_720
user_721,user_721
user_722,user_722
user_723,user_723
user_724,user_724
user_725,user_725
user_726,user_726
user_727,user_727
user_728,user_728
user_729,user_729
user_730,user_730
user_731,user_731
user_732,user_732
user_733,user_733
user_734,user_734
user_735,user_735
user_736,user_736
user_737,user_737
user_738,user_738
user_739,user_739
user_740,user_740
user_741,user_741
user_742,user_742
user_743,user_743
user_744,user_744
user_745,user_745
user_746,user_746
user_747,user_747
user_748,user_748
user_749,user_749
user_750,user_750
user_751,user_751
user_752,user_752
user_753,user_753
user_754,user_754
user_755,user_755
user_756,user_756
user_757,user_757
user_758,user_758
user_759,user_759
user_760,user_760
user_761,user_761
user_762,user_762
user_763,user_763
user_764,user_764
user_765,user_765
user_766,user_766
user_767,user_767
user_768,user_768
user_769,user_769
user_770,user_770
user_771,user_771
user_772,user_772
user_773,user_773
user_774,user_774
user_775,user_775
user_776,user_776
user_777,user_777
user_778,user_778
user_779,user_779
user_780,user_780
user_781,user_781
user_782,user_782
user_783,user_783
user_784,user_784
user_785,user_785
user_786,user_786
user_787,user_787
user_788,user_788
user_789,user_789
user_790,user_790
user_791,user_791
user_792,user_792
user_793,user_793
user_794,user_794
user_795,user_795
user_796,user_796
user_797,user_797
user_798,user_798
user_799,user_799
user_800,user_800
user_801,user_801
user_802,user_802
user_803,user_803
user_804,user_804
user_805,user_805
user_806,user_806
user_807,user_807
user_808,user_808
user_809,user_809
user_810,user_810
user_811,user_811
user_812,user_812
user_813,user_813
user_814,user_814
user_815,user_815
user_816,user_816
user_817,user_817
user_818,user_818
user_819,user_819
user_820,user_820
user_821,user_821
user_822,user_822
user_823,user_823
user_824,user_824
user_825,user_825
user_826,user_826
user_827,user_827
user_828,user_828
user_829,user_829
user_830,user_830
user_831,user_831
user_832,user_832
user_833,user_833
user_834,user_834
user_835,user_835
user_836,user_836
user_837,user_837
user_838,user_838
user_839,user_839
user_840,user_840
user_841,user_841
user_842,user_842
user_843,user_843
user_844,user_844
user_845,user_845
user_846,user_846
user_847,user_847
user_848,user_848
user_849,user_849
user_850,user_850
user_851,user_851
user_852,user_852
user_853,user_853
user_854,user_854
user_855,user_855
user_856,user_856
user_857,user_857
user_858,user_858
user_859,user_859
user_860,user_860
user_861,user_861
user_862,user_862
user_863,user_863
user_864,user_864
user_865,user_865
user_866,user_866
user_867,user_867
user_868,user_868
user_869,user_869
user_870,user_870
user_871,user_871
user_872,user_872
user_873,user_873
user_874,user_874
user_875,user_875
user_876,user_876
user_877,user_877
user_878,user_878
user_879,user_879
user_880,user_880
user_881,user_881
user_882,user_882
user_883,user_883
user_884,user_884
user_885,user_885
user_886,user_886
user_887,user_887
user_888,user_888
user_889,user_889
user_890,user_890
user_891,user_891
user_892,user_892
user_893,user_893
user_894,user_894
user_895,user_895
user_896,user_896
user_897,user_897
user_898,user_898
user_899,user_899
user_900,user_900
user_901,user_901
user_902,user_902
user_903,user_903
user_904,user_904
user_905,user_905
user_906,user_906
user_907,user_907
user_908,user_908
user_909,user_909
user_910,user_910
user_911,user_911
user_912,user_912
user_913,user_913
user_914,user_914
user_915,user_915
user_916,user_916
user_917,user_917
user_918,user_918
user_919,user_919
user_920,user_920
user_921,user_921
user_922,user_922
user_923,user_923
user_924,user_924
user_925,user_925
user_926,user_926
user_927,user_927
user_928,user_928
user_929,user_929
user_930,user_930
user_931,user_931
user_932,user_932
user_933,user_933
user_934,user_934
user_935,user_935
user_936,user_936
user_937,user_937
user_938,user_938
user_939,user_939
user_940,user_940
user_941,user_941
user_942,user_942
user_943,user_943
user_944,user_944
user_945,user_945
user_946,user_946
user_947,user_947
user_948,user_948
user_949,user_949
user_950,user_950
user_951,user_951
user_952,user_952
user_953,user_953
user_954,user_954
user_955,user_955
user_956,user_956
user_957,user_957
user_958,user_958
user_959,user_959
user_960,user_960
user_961,user_961
user_962,user_962
user_963,user_963
user_964,user_964
user_965,user_965
user_966,user_966
user_967,user_967
user_968,user_968
user_969,user_969
user_970,user_970
user_971,user_971
user_972,user_972
user_973,user_973
user_974,user_974
user_975,user_975
user_976,user_976
user_977,user_977
user_978,user_978
user_979,user_979
user_980,user_980
user_981,user_981
user_982,user_982
user_983,user_983
user_984,user_984
user_985,user_985
user_986,user_986
user_987,user_987
user_988,user_988
user_989,user_989
user_990,user_990
user_991,user_991
user_992,user_992
user_993,user_993
user_994,user_994
user_995,user_995
user_996,user_996
user_997,user_997
user_998,user_998
user_999,user_999
user_1000,user_1000
user_1001,user_1001
user_1002,user_1002
user_1003,user_1003
user_1004,user_1004
user_1005,user_1005
user_1006,user_1006
user_1007,user_1007
user_1008,user_1008
user_1009,user_1009
user_1010,user_1010
user_1011,user_1011
user_1012,user_1012
user_1013,user_1013
user_1014,user_1014
user_1015,user_1015
user_1016,user_1016
user_1017,user_1017
user_1018,user_1018
user_1019,user_1019
user_1020,user_1020
user_1021,user_1021
user_1022,user_1022
user_1023,user_1023
user_1024,user_1024
user_1025,user_1025
user_1026,user_1026
user_1027,user_1027
user_1028,user_1028
user_1029,user_1029
user_1030,user_1030
user_1031,user_1031
user_1032,user_1032
user_1033,user_1033
user_1034,user_1034
user_1035,user_1035
user_1036,user_1036
user_1037,user_1037
user_1038,user_1038
user_1039,user_1039
user_1040,user_1040
user_1041,user_1041
user_1042,user_1042
user_1043,user_1043
user_1044,user_1044
user_1045,user_1045
user_1046,user_1046
user_1047,user_1047
user_1048,user_1048
user_1049,user_1049
user_1050,user_1050
user_1051,user_1051
user_1052,user_1052
user_1053,user_1053
user_1054,user_1054
user_1055,user_1055
user_1056,user_1056
user_1057,user_1057
user_1058,user_1058
user_1059,user_1059
user_1060,user_1060
user_1061,user_1061
user_1062,user_1062
user_1063,user_1063
user_1064,user_1064
user_1065,user_1065
user_1066,user_1066
user_1067,user_1067
user_1068,user_1068
user_1069,user_1069
user_1070,user_1070
user_1071,user_1071
user_1072,user_1072
user_1073,user_1073
user_1074,user_1074
user_1075,user_1075
user_1076,user_1076
user_1077,user_1077
user_1078,user_1078
user_1079,user_1079
user_1080,user_1080
user_1081,user_1081
user_1082,user_1082
user_1083,user_1083
user_1084,user_1084
user_1085,user_1085
user_1086,user_1086
user_1087,user_1087
user_1088,user_1088
user_1089,user_1089
user_1090,user_1090
user_1091,user_1091
user_1092,user_1092
user_1093,user_1093
user_1094,user_1094
user_1095,user_1095
user_1096,user_1096
user_1097,user_1097
user_1098,user_1098
user_1099,user_1099
user_1100,user_1100
user_1101,user_1101
user_1102,user_1102
user_1103,user_1103
user_1104,user_1104
user_1105,user_1105
user_1106,user_1106
user_1107,user_1107
user_1108,user_1108
user_1109,user_1109
user_1110,user_1110
user_1111,user_1111
user_1112,user_1112
user_1113,user_1113
user_1114,user_1114
user_1115,user_1115
user_1116,user_1116
user_1117,user_1117
user_1118,user_1118
user_1119,user_1119
user_1120,user_1120
user_1121,user_1121
user_1122,user_1122
user_1123,user_1123
user_1124,user_1124
user_1125,user_1125
user_1126,user_1126
user_1127,user_1127
user_1128,user_1128
user_1129,user_1129
user_1130,user_1130
user_1131,user_1131
user_1132,user_1132
user_1133,user_1133
user_1134,user_1134
user_1135,user_1135
user_1136,user_1136
user_1137,user_1137
user_1138,user_1138
user_1139,user_1139
user_1140,user_1140
user_1141,user_1141
user_1142,user_1142
user_1143,user_1143
user_1144,user_1144
user_1145,user_1145
user_1146,user_1146
user_1147,user_1147
user_1148,user_1148
user_1149,user_1149
user_1150,user_1150
user_1151,user_1151
user_1152,user_1152
user_1153,user_1153
user_1154,user_1154
user_1155,user_1155
user_1156,user_1156
user_1157,user_1157
user_1158,user_1158
user_1159,user_1159
user_1160,user_1160
user_1161,user_1161
user_1162,user_1162
user_1163,user_1163
user_1164,user_1164
user_1165,user_1165
user_1166,user_1166
user_1167,user_1167
user_1168,user_1168
user_1169,user_1169
user_1170,user_1170
user_1171,user_1171
user_1172,user_1172
user_1173,user_1173
user_1174,user_1174
user_1175,user_1175
user_1176,user_1176
user_1177,user_1177
user_1178,user_1178
user_1179,user_1179
user_1180,user_1180
user_1181,user_1181
user_1182,user_1182
user_1183,user_1183
user_1184,user_1184
user_1185,user_1185
user_1186,user_1186
user_1187,user_1187
user_1188,user_1188
user_1189,user_1189
user_1190,user_1190
user_1191,user_1191
user_1192,user_1192
user_1193,user_1193
user_1194,user_1194
user_1195,user_1195
user_1196,user_1196
user_1197,user_1197
user_1198,user_1198
user_1199,user_1199
user_1200,user_1200
user_1201,user_1201
user_1202,user_1202
user_1203,user_1203
user_1204,user_1204
user_1205,user_1205
user_1206,user_1206
user_1207,user_1207
user_1208,user_1208
user_1209,user_1209
user_1210,user_1210
user_1211,user_1211
user_1212,user_1212
user_1213,user_1213
user_1214,user_1214
user_1215,user_1215
user_1216,user_1216
user_1217,user_1217
user_1218,user_1218
user_1219,user_1219
user_1220,user_1220
user_1221,user_1221
user_1222,user_1222
user_1223,user_1223
user_1224,user_1224
user_1225,user_1225
user_1226,user_1226
user_1227,user_1227
user_1228,user_1228
user_1229,user_1229
user_1230,user_1230
user_1231,user_1231
user_1232,user_1232
user_1233,user_1233
user_1234,user_1234
user_1235,user_1235
user_1236,user_1236
user_1237,user_1237
user_1238,user_1238
user_1239,user_1239
user_1240,user_1240
user_1241,user_1241
user_1242,user_1242
user_1243,user_1243
user_1244,user_1244
user_1245,user_1245
user_1246,user_1246
user_1247,user_1247
user_1248,user_1248
user_1249,user_1249
user_1250,user_1250
user_1251,user_1251
user_1252,user_1252
user_1253,user_1253
user_1254,user_1254
user_1255,user_1255
user_1256,user_1256
user_1257,user_1257
user_1258,user_1258
user_1259,user_1259
user_1260,user_1260
user_1261,user_1261
user_1262,user_1262
user_1263,user_1263
user_1264,user_1264
user_1265,user_1265
user_1266,user_1266
user_1267,user_1267
user_1268,user_1268
user_1269,user_1269
user_1270,user_1270
user_1271,user_1271
user_1272,user_1272
user_1273,user_1273
user_1274,user_1274
user_1275,user_1275
user_1276,user_1276
user_1277,user_1277
user_1278,user_1278
user_1279,user_1279
user_1280,user_1280
user_1281,user_1281
user_1282,user_1282
user_1283,user_1283
user_1284,user_1284
user_1285,user_1285
user_1286,user_1286
user_1287,user_1287
user_1288,user_1288
user_1289,user_1289
user_1290,user_1290
user_1291,user_1291
user_1292,user_1292
user_1293,user_1293
user_1294,user_1294
user_1295,user_1295
user_1296,user_1296
user_1297,user_1297
user_1298,user_1298
user_1299,user_1299
user_1300,user_1300
user_1301,user_1301
user_1302,user_1302
user_1303,user_1303
user_1304,user_1304
user_1305,user_1305
user_1306,user_1306
user_1307,user_1307
user_1308,user_1308
user_1309,user_1309
user_1310,user_1310
user_1311,user_1311
user_1312,user_1312
user_1313,user_1313
user_1314,user_1314
user_1315,user_1315
user_1316,user_1316
user_1317,user_1317
user_1318,user_1318
user_1319,user_1319
user_1320,user_1320
user_1321,user_1321
user_1322,user_1322
user_1323,user_1323
user_1324,user_1324
user_1325,user_1325
user_1326,user_1326
user_1327,user_1327
user_1328,user_1328
user_1329,user_1329
user_1330,user_1330
user_1331,user_1331
user_1332,user_1332
user_1333,user_1333
user_1334,user_1334
user_1335,user_1335
user_1336,user_1336
user_1337,user_1337
user_1338,user_1338
user_1339,user_1339
user_1340,user_1340
user_1341,user_1341
user_1342,user_1342
user_1343,user_1343
user_1344,user_1344
user_1345,user_1345
user_1346,user_1346
user_1347,user_1347
user_1348,user_1348
user_1349,user_1349
user_1350,user_1350
user_1351,user_1351
user_1352,user_1352
user_1353,user_1353
user_1354,user_1354
user_1355,user_1355
user_1356,user_1356
user_1357,user_1357
user_1358,user_1358
user_1359,user_1359
user_1360,user_1360
user_1361,user_1361
user_1362,user_1362
user_1363,user_1363
user_1364,user_1364
user_1365,user_1365
user_1366,user_1366
user_1367,user_1367
user_1368,user_1368
user_1369,user_1369
user_1370,user_1370
user_1371,user_1371
user_1372,user_1372
user_1373,user_1373
user_1374,user_1374
user_1375,user_1375
user_1376,user_1376
user_1377,user_1377
user_1378,user_1378
user_1379,user_1379
user_1380,user_1380
user_1381,user_1381
user_1382,user_1382
user_1383,user_1383
user_1384,user_1384
user_1385,user_1385
user_1386,user_1386
user_1387,user_1387
user_1388,user_1388
user_1389,user_1389
user_1390,user_1390
user_1391,user_1391
user_1392,user_1392
user_1393,user_1393
user_1394,user_1394
user_1395,user_1395
user_1396,user_1396
user_1397,user_1397
user_1398,user_1398
user_1399,user_1399
user_1400,user_1400
user_1401,user_1401
user_1402,user_1402
user_1403,user_1403
user_1404,user_1404
user_1405,user_1405
user_1406,user_1406
user_1407,user_1407
user_1408,user_1408
user_1409,user_1409
user_1410,user_1410
user_1411,user_1411
user_1412,user_1412
user_1413,user_1413
user_1414,user_1414
user_1415,user_1415
user_1416,user_1416
user_1417,user_1417
user_1418,user_1418
user_1419,user_1419
user_1420,user_1420
user_1421,user_1421
user_1422,user_1422
user_1423,user_1423
user_1424,user_1424
user_1425,user_1425
user_1426,user_1426
user_1427,user_1427
user_1428,user_1428
user_1429,user_1429
user_1430,user_1430
user_1431,user_1431
user_1432,user_1432
user_1433,user_1433
user_1434,user_1434
user_1435,user_1435
user_1436,user_1436
user_1437,user_1437
user_1438,user_1438
user_1439,user_1439
user_1440,user_1440
user_1441,user_1441
user_1442,user_1442
user_1443,user_1443
user_1444,user_1444
user_1445,user_1445
user_1446,user_1446
user_1447,user_1447
user_1448,user_1448
user_1449,user_1449
user_1450,user_1450
user_1451,user_1451
user_1452,user_1452
user_1453,user_1453
user_1454,user_1454
user_1455,user_1455
user_1456,user_1456
user_1457,user_1457
user_1458,user_1458
user_1459,user_1459
user_1460,user_1460
user_1461,user_1461
user_1462,user_1462
user_1463,user_1463
user_1464,user_1464
user_1465,user_1465
user_1466,user_1466
user_1467,user_1467
user_1468,user_1468
user_1469,user_1469
user_1470,user_1470
user_1471,user_1471
user_1472,user_1472
user_1473,user_1473
user_1474,user_1474
user_1475,user_1475
user_1476,user_1476
user_1477,user_1477
user_1478,user_1478
user_1479,user_1479
user_1480,user_1480
user_1481,user_1481
user_1482,user_1482
user_1483,user_1483
user_1484,user_1484
user_1485,user_1485
user_1486,user_1486
user_1487,user_1487
user_1488,user_1488
user_1489,user_1489
user_1490,user_1490
user_1491,user_1491
user_1492,user_1492
user_1493,user_1493
user_1494,user_1494
user_1495,user_1495
user_1496,user_1496
user_1497,user_1497
user_1498,user_1498
user_1499,user_1499
user_1500,user_1500
user_1501,user_1501
user_1502,user_1502
user_1503,user_1503
user_1504,user_1504
user_1505,user_1505
user_1506,user_1506
user_1507,user_1507
user_1508,user_1508
user_1509,user_1509
user_1510,user_1510
user_1511,user_1511
user_1512,user_1512
user_1513,user_1513
user_1514,user_1514
user_1515,user_1515
user_1516,user_1516
user_1517,user_1517
user_1518,user_1518
user_1519,user_1519
user_1520,user_1520
user_1521,user_1521
user_1522,user_1522
user_1523,user_1523
user_1524,user_1524
user_1525,user_1525
user_1526,user_1526
user_1527,user_1527
user_1528,user_1528
user_1529,user_1529
user_1530,user_1530
user_1531,user_1531
user_1532,user_1532
user_1533,user_1533
user_1534,user_1534
user_1535,user_1535
user_1536,user_1536
user_1537,user_1537
user_1538,user_1538
user_1539,user_1539
user_1540,user_1540
user_1541,user_1541
user_1542,user_1542
user_1543,user_1543
user_1544,user_1544
user_1545,user_1545
user_1546,user_1546
user_1547,user_1547
user_1548,user_1548
user_1549,user_1549
user_1550,user_1550
user_1551,user_1551
user_1552,user_1552
user_1553,user_1553
user_1554,user_1554
user_1555,user_1555
user_1556,user_1556
user_1557,user_1557
user_1558,user_1558
user_1559,user_1559
user_1560,user_1560
user_1561,user_1561
user_1562,user_1562
user_1563,user_1563
user_1564,user_1564
user_1565,user_1565
user_1566,user_1566
user_1567,user_1567
user_1568,user_1568
user_1569,user_1569
user_1570,user_1570
user_1571,user_1571
user_1572,user_1572
user_1573,user_1573
user_1574,user_1574
user_1575,user_1575
user_1576,user_1576
user_1577,user_1577
user_1578,user_1578
user_1579,user_1579
user_1580,user_1580
user_1581,user_1581
user_1582,user_1582
user_1583,user_1583
user_1584,user_1584
user_1585,user_1585
user_1586,user_1586
user_1587,user_1587
user_1588,user_1588
user_1589,user_1589
user_1590,user_1590
user_1591,user_1591
user_1592,user_1592
user_1593,user_1593
user_1594,user_1594
user_1595,user_1595
user_1596,user_1596
user_1597,user_1597
user_1598,user_1598
user_1599,user_1599
user_1600,user_1600
user_1601,user_1601
user_1602,user_1602
user_1603,user_1603
user_1604,user_1604
user_1605,user_1605
user_1606,user_1606
user_1607,user_1607
user_1608,user_1608
user_1609,user_1609
user_1610,user_1610
user_1611,user_1611
user_1612,user_1612
user_1613,user_1613
user_1614,user_1614
user_1615,user_1615
user_1616,user_1616
user_1617,user_1617
user_1618,user_1618
user_1619,user_1619
user_1620,user_1620
user_1621,user_1621
user_1622,user_1622
user_1623,user_1623
user_1624,user_1624
user_1625,user_1625
user_1626,user_1626
user_1627,user_1627
user_1628,user_1628
user_1629,user_1629
user_1630,user_1630
user_1631,user_1631
user_1632,user_1632
user_1633,user_1633
user_1634,user_1634
user_1635,user_1635
user_1636,user_1636
user_1637,user_1637
user_1638,user_1638
user_1639,user_1639
user_1640,user_1640
user_1641,user_1641
user_1642,user_1642
user_1643,user_1643
user_1644,user_1644
user_1645,user_1645
user_1646,user_1646
user_1647,user_1647
user_1648,user_1648
user_1649,user_1649
user_1650,user_1650
user_1651,user_1651
user_1652,user_1652
user_1653,user_1653
user_1654,user_1654
user_1655,user_1655
user_1656,user_1656
user_1657,user_1657
user_1658,user_1658
user_1659,user_1659
user_1660,user_1660
user_1661,user_1661
user_1662,user_1662
user_1663,user_1663
user_1664,user_1664
user_1665,user_1665
user_1666,user_1666
user_1667,user_1667
user_1668,user_1668
user_1669,user_1669
user_1670,user_1670
user_1671,user_1671
user_1672,user_1672
user_1673,user_1673
user_1674,user_1674
user_1675,user_1675
user_1676,user_1676
user_1677,user_1677
user_1678,user_1678
user_1679,user_1679
user_1680,user_1680
user_1681,user_1681
user_1682,user_1682
user_1683,user_1683
user_1684,user_1684
user_1685,user_1685
user_1686,user_1686
user_1687,user_1687
user_1688,user_1688
user_1689,user_1689
user_1690,user_1690
user_1691,user_1691
user_1692,user_1692
user_1693,user_1693
user_1694,user_1694
user_1695,user_1695
user_1696,user_1696
user_1697,user_1697
user_1698,user_1698
user_1699,user_1699
user_1700,user_1700
user_1701,user_1701
user_1702,user_1702
user_1703,user_1703
user_1704,user_1704
user_1705,user_1705
user_1706,user_1706
user_1707,user_1707
user_1708,user_1708
user_1709,user_1709
user_1710,user_1710
user_1711,user_1711
user_1712,user_1712
user_1713,user_1713
user_1714,user_1714
user_1715,user_1715
user_1716,user_1716
user_1717,user_1717
user_1718,user_1718
user_1719,user_1719
user_1720,user_1720
user_1721,user_1721
user_1722,user_1722
user_1723,user_1723
user_1724,user_1724
user_1725,user_1725
user_1726,user_1726
user_1727,user_1727
user_1728,user_1728
user_1729,user_1729
user_1730,user_1730
user_1731,user_1731
user_1732,user_1732
user_1733,user_1733
user_1734,user_1734
user_1735,user_1735
user_1736,user_1736
user_1737,user_1737
user_1738,user_1738
user_1739,user_1739
user_1740,user_1740
user_1741,user_1741
user_1742,user_1742
user_1743,user_1743
user_1744,user_1744
user_1745,user_1745
user_1746,user_1746
user_1747,user_1747
user_1748,user_1748
user_1749,user_1749
user_1750,user_1750
user_1751,user_1751
user_1752,user_1752
user_1753,user_1753
user_1754,user_1754
user_1755,user_1755
user_1756,user_1756
user_1757,user_1757
user_1758,user_1758
user_1759,user_1759
user_1760,user_1760
user_1761,user_1761
user_1762,user_1762
user_1763,user_1763
user_1764,user_1764
user_1765,user_1765
user_1766,user_1766
user_1767,user_1767
user_1768,user_1768
user_1769,user_1769
user_1770,user_1770
user_1771,user_1771
user_1772,user_1772
user_1773,user_1773
user_1774,user_1774
user_1775,user_1775
user_1776,user_1776
user_1777,user_1777
user_1778,user_1778
user_1779,user_1779
user_1780,user_1780
user_1781,user_1781
user_1782,user_1782
user_1783,user_1783
user_1784,user_1784
user_1785,user_1785
user_1786,user_1786
user_1787,user_1787
user_1788,user_1788
user_1789,user_1789
user_1790,user_1790
user_1791,user_1791
user_1792,user_1792
user_1793,user_1793
user_1794,user_1794
user_1795,user_1795
user_1796,user_1796
user_1797,user_1797
user_1798,user_1798
user_1799,user_1799
user_1800,user_1800
user_1801,user_1801
user_1802,user_1802
user_1803,user_1803
user_1804,user_1804
user_1805,user_1805
user_1806,user_1806
user_1807,user_1807
user_1808,user_1808
user_1809,user_1809
user_1810,user_1810
user_1811,user_1811
user_1812,user_1812
user_1813,user_1813
user_1814,user_1814
user_1815,user_1815
user_1816,user_1816
user_1817,user_1817
user_1818,user_1818
user_1819,user_1819
user_1820,user_1820
user_1821,user_1821
user_1822,user_1822
user_1823,user_1823
user_1824,user_1824
user_1825,user_1825
user_1826,user_1826
user_1827,user_1827
user_1828,user_1828
user_1829,user_1829
user_1830,user_1830
user_1831,user_1831
user_1832,user_1832
user_1833,user_1833
user_1834,user_1834
user_1835,user_1835
user_1836,user_1836
user_1837,user_1837
user_1838,user_1838
user_1839,user_1839
user_1840,user_1840
user_1841,user_1841
user_1842,user_1842
user_1843,user_1843
user_1844,user_1844
user_1845,user_1845
user_1846,user_1846
user_1847,user_1847
user_1848,user_1848
user_1849,user_1849
user_1850,user_1850
user_1851,user_1851
user_1852,user_1852
user_1853,user_1853
user_1854,user_1854
user_1855,user_1855
user_1856,user_1856
user_1857,user_1857
user_1858,user_1858
user_1859,user_1859
user_1860,user_1860
user_1861,user_1861
user_1862,user_1862
user_1863,user_1863
user_1864,user_1864
user_1865,user_1865
user_1866,user_1866
user_1867,user_1867
user_1868,user_1868
user_1869,user_1869
user_1870,user_1870
user_1871,user_1871
user_1872,user_1872
user_1873,user_1873
user_1874,user_1874
user_1875,user_1875
user_1876,user_1876
user_1877,user_1877
user_1878,user_1878
user_1879,user_1879
user_1880,user_1880
user_1881,user_1881
user_1882,user_1882
user_1883,user_1883
user_1884,user_1884
user_1885,user_1885
user_1886,user_1886
user_1887,user_1887
user_1888,user_1888
user_1889,user_1889
user_1890,user_1890
user_1891,user_1891
user_1892,user_1892
user_1893,user_1893
user_1894,user_1894
user_1895,user_1895
user_1896,user_1896
user_1897,user_1897
user_1898,user_1898
user_1899,user_1899
user_1900,user_1900
user_1901,user_1901
user_1902,user_1902
user_1903,user_1903
user_1904,user_1904
user_1905,user_1905
user_1906,user_1906
user_1907,user_1907
user_1908,user_1908
user_1909,user_1909
user_1910,user_1910
user_1911,user_1911
user_1912,user_1912
user_1913,user_1913
user_1914,user_1914
user_1915,user_1915
user_1916,user_1916
user_1917,user_1917
user_1918,user_1918
user_1919,user_1919
user_1920,user_1920
user_1921,user_1921
user_1922,user_1922
user_1923,user_1923
user_1924,user_1924
user_1925,user_1925
user_1926,user_1926
user_1927,user_1927
user_1928,user_1928
user_1929,user_1929
user_1930,user_1930
user_1931,user_1931
user_1932,user_1932
user_1933,user_1933
user_1934,user_1934
user_1935,user_1935
user_1936,user_1936
user_1937,user_1937
user_1938,user_1938
user_1939,user_1939
user_1940,user_1940
user_1941,user_1941
user_1942,user_1942
user_1943,user_1943
user_1944,user_1944
user_1945,user_1945
user_1946,user_1946
user_1947,user_1947
user_1948,user_1948
user_1949,user_1949
user_1950,user_1950
user_1951,user_1951
user_1952,user_1952
user_1953,user_1953
user_1954,user_1954
user_1955,user_1955
user_1956,user_1956
user_1957,user_1957
user_1958,user_1958
user_1959,user_1959
user_1960,user_1960
user_1961,user_1961
user_1962,user_1962
user_1963,user_1963
user_1964,user_1964
user_1965,user_1965
user_1966,user_1966
user_1967,user_1967
user_1968,user_1968
user_1969,user_1969
user_1970,user_1970
user_1971,user_1971
user_1972,user_1972
user_1973,user_1973
user_1974,user_1974
user_1975,user_1975
user_1976,user_1976
user_1977,user_1977
user_1978,user_1978
user_1979,user_1979
user_1980,user_1980
user_1981,user_1981
user_1982,user_1982
user_1983,user_1983
user_1984,user_1984
user_1985,user_1985
user_1986,user_1986
user_1987,user_1987
user_1988,user_1988
user_1989,user_1989
user_1990,user_1990
user_1991,user_1991
user_1992,user_1992
user_1993,user_1993
user_1994,user_1994
user_1995,user_1995
user_1996,user_1996
user_1997,user_1997
user_1998,user_1998
user_1999,user_1999
user_2000,user_2000
user_2001,user_2001
user_2002,user_2002
user_2003,user_2003
user_2004,user_2004
user_2005,user_2005
user_2006,user_2006
user_2007,user_2007
user_2008,user_2008
user_2009,user_2009
user_2010,user_2010
user_2011,user_2011
user_2012,user_2012
user_2013,user_2013
user_2014,user_2014
user_2015,user_2015
user_2016,user_2016
user_2017,user_2017
user_2018,user_2018
user_2019,user_2019
user_2020,user_2020
user_2021,user_2021
user_2022,user_2022
user_2023,user_2023
user_2024,user_2024
user_2025,user_2025
user_2026,user_2026
user_2027,user_2027
user_2028,user_2028
user_2029,user_2029
user_2030,user_2030
user_2031,user_2031
user_2032,user_2032
user_2033,user_2033
user_2034,user_2034
user_2035,user_2035
user_2036,user_2036
user_2037,user_2037
user_2038,user_2038
user_2039,user_2039
user_2040,user_2040
user_2041,user_2041
user_2042,user_2042
user_2043,user_2043
user_2044,user_2044
user_2045,user_2045
user_2046,user_2046
user_2047,user_2047
user_2048,user_2048
user_2049,user_2049
user_2050,user_2050
user_2051,user_2051
user_2052,user_2052
user_2053,user_2053
user_2054,user_2054
user_2055,user_2055
user_2056,user_2056
user_2057,user_2057
user_2058,user_2058
user_2059,user_2059
user_2060,user_2060
user_2061,user_2061
user_2062,user_2062
user_2063,user_2063
user_2064,user_2064
user_2065,user_2065
user_2066,user_2066
user_2067,user_2067
user_2068,user_2068
user_2069,user_2069
user_2070,user_2070
user_2071,user_2071
user_2072,user_2072
user_2073,user_2073
user_2074,user_2074
user_2075,user_2075
user_2076,user_2076
user_2077,user_2077
user_2078,user_2078
user_2079,user_2079
user_2080,user_2080
user_2081,user_2081
user_2082,user_2082
user_2083,user_2083
user_2084,user_2084
user_2085,user_2085
user_2086,user_2086
user_2087,user_2087
user_2088,user_2088
user_2089,user_2089
user_2090,user_2090
user_2091,user_2091
user_2092,user_2092
user_2093,user_2093
user_2094,user_2094
user_2095,user_2095
user_2096,user_2096
user_2097,user_2097
user_2098,user_2098
user_2099,user_2099
user_2100,user_2100
user_2101,user_2101
user_2102,user_2102
user_2103,user_2103
user_2104,user_2104
user_2105,user_2105
user_2106,user_2106
user_2107,user_2107
user_2108,user_2108
user_2109,user_2109
user_2110,user_2110
user_2111,user_2111
user_2112,user_2112
user_2113,user_2113
user_2114,user_2114
user_2115,user_2115
user_2116,user_2116
user_2117,user_2117
user_2118,user_2118
user_2119,user_2119
user_2120,user_2120
user_2121,user_2121
user_2122,user_2122
user_2123,user_2123
user_2124,user_2124
user_2125,user_2125
user_2126,user_2126
user_2127,user_2127
user_2128,user_2128
user_2129,user_2129
user_2130,user_2130
user_2131,user_2131
user_2132,user_2132
user_2133,user_2133
user_2134,user_2134
user_2135,user_2135
user_2136,user_2136
user_2137,user_2137
user_2138,user_2138
user_2139,user_2139
user_2140,user_2140
user_2141,user_2141
user_2142,user_2142
user_2143,user_2143
user_2144,user_2144
user_2145,user_2145
user_2146,user_2146
user_2147,user_2147
user_2148,user_2148
user_2149,user_2149
user_2150,user_2150
user_2151,user_2151
user_2152,user_2152
user_2153,user_2153
user_2154,user_2154
user_2155,user_2155
user_2156,user_2156
user_2157,user_2157
user_2158,user_2158
user_2159,user_2159
user_2160,user_2160
user_2161,user_2161
user_2162,user_2162
user_2163,user_2163
user_2164,user_2164
user_2165,user_2165
user_2166,user_2166
user_2167,user_2167
user_2168,user_2168
user_2169,user_2169
user_2170,user_2170
user_2171,user_2171
user_2172,user_2172
user_2173,user_2173
user_2174,user_2174
user_2175,user_2175
user_2176,user_2176
user_2177,user_2177
user_2178,user_2178
user_2179,user_2179
user_2180,user_2180
user_2181,user_2181
user_2182,user_2182
user_2183,user_2183
user_2184,user_2184
user_2185,user_2185
user_2186,user_2186
user_2187,user_2187
user_2188,user_2188
user_2189,user_2189
user_2190,user_2190
user_2191,user_2191
user_2192,user_2192
user_2193,user_2193
user_2194,user_2194
user_2195,user_2195
user_2196,user_2196
user_2197,user_2197
user_2198,user_2198
user_2199,user_2199
user_2200,user_2200
user_2201,user_2201
user_2202,user_2202
user_2203,user_2203
user_2204,user_2204
user_2205,user_2205
user_2206,user_2206
user_2207,user_2207
user_2208,user_2208
user_2209,user_2209
user_2210,user_2210
user_2211,user_2211
user_2212,user_2212
user_2213,user_2213
user_2214,user_2214
user_2215,user_2215
user_2216,user_2216
user_2217,user_2217
user_2218,user_2218
user_2219,user_2219
user_2220,user_2220
user_2221,user_2221
user_2222,user_2222
user_2223,user_2223
user_2224,user_2224
user_2225,user_2225
user_2226,user_2226
user_2227,user_2227
user_2228,user_2228
user_2229,user_2229
user_2230,user_2230
user_2231,user_2231
user_2232,user_2232
user_2233,user_2233
user_2234,user_2234
user_2235,user_2235
user_2236,user_2236
user_2237,user_2237
user_2238,user_2238
user_2239,user_2239
user_2240,user_2240
user_2241,user_2241
user_2242,user_2242
user_2243,user_2243
user_2244,user_2244
user_2245,user_2245
user_2246,user_2246
user_2247,user_2247
user_2248,user_2248
user_2249,user_2249
user_2250,user_2250
user_2251,user_2251
user_2252,user_2252
user_2253,user_2253
user_2254,user_2254
user_2255,user_2255
user_2256,user_2256
user_2257,user_2257
user_2258,user_2258
user_2259,user_2259
user_2260,user_2260
user_2261,user_2261
user_2262,user_2262
user_2263,user_2263
user_2264,user_2264
user_2265,user_2265
user_2266,user_2266
user_2267,user_2267
user_2268,user_2268
user_2269,user_2269
user_2270,user_2270
user_2271,user_2271
user_2272,user_2272
user_2273,user_2273
user_2274,user_2274
user_2275,user_2275
user_2276,user_2276
user_2277,user_2277
user_2278,user_2278
user_2279,user_2279
user_2280,user_2280
user_2281,user_2281
user_2282,user_2282
user_2283,user_2283
user_2284,user_2284
user_2285,user_2285
user_2286,user_2286
user_2287,user_2287
user_2288,user_2288
user_2289,user_2289
user_2290,user_2290
user_2291,user_2291
user_2292,user_2292
user_2293,user_2293
user_2294,user_2294
user_2295,user_2295
user_2296,user_2296
user_2297,user_2297
user_2298,user_2298
user_2299,user_2299
user_2300,user_2300
user_2301,user_2301
user_2302,user_2302
user_2303,user_2303
user_2304,user_2304
user_2305,user_2305
user_2306,user_2306
user_2307,user_2307
user_2308,user_2308
user_2309,user_2309
user_2310,user_2310
user_2311,user_2311
user_2312,user_2312
user_2313,user_2313
user_2314,user_2314
user_2315,user_2315
user_2316,user_2316
user_2317,user_2317
user_2318,user_2318
user_2319,user_2319
user_2320,user_2320
user_2321,user_2321
user_2322,user_2322
user_2323,user_2323
user_2324,user_2324
user_2325,user_2325
user_2326,user_2326
user_2327,user_2327
user_2328,user_2328
user_2329,user_2329
user_2330,user_2330
user_2331,user_2331
user_2332,user_2332
user_2333,user_2333
user_2334,user_2334
user_2335,user_2335
user_2336,user_2336
user_2337,user_2337
user_2338,user_2338
user_2339,user_2339
user_2340,user_2340
user_2341,user_2341
user_2342,user_2342
user_2343,user_2343
user_2344,user_2344
user_2345,user_2345
user_2346,user_2346
user_2347,user_2347
user_2348,user_2348
user_2349,user_2349
user_2350,user_2350
user_2351,user_2351
user_2352,user_2352
user_2353,user_2353
user_2354,user_2354
user_2355,user_2355
user_2356,user_2356
user_2357,user_2357
user_2358,user_2358
user_2359,user_2359
user_2360,user_2360
user_2361,user_2361
user_2362,user_2362
user_2363,user_2363
user_2364,user_2364
user_2365,user_2365
user_2366,user_2366
user_2367,user_2367
user_2368,user_2368
user_2369,user_2369
user_2370,user_2370
user_2371,user_2371
user_2372,user_2372
user_2373,user_2373
user_2374,user_2374
user_2375,user_2375
user_2376,user_2376
user_2377,user_2377
user_2378,user_2378
user_2379,user_2379
user_2380,user_2380
user_2381,user_2381
user_2382,user_2382
user_2383,user_2383
user_2384,user_2384
user_2385,user_2385
user_2386,user_2386
user_2387,user_2387
user_2388,user_2388
user_2389,user_2389
user_2390,user_2390
user_2391,user_2391
user_2392,user_2392
user_2393,user_2393
user_2394,user_2394
user_2395,user_2395
user_2396,user_2396
user_2397,user_2397
user_2398,user_2398
user_2399,user_2399
user_2400,user_2400
user_2401,user_2401
user_2402,user_2402
user_2403,user_2403
user_2404,user_2404
user_2405,user_2405
user_2406,user_2406
user_2407,user_2407
user_2408,user_2408
user_2409,user_2409
user_2410,user_2410
user_2411,user_2411
user_2412,user_2412
user_2413,user_2413
user_2414,user_2414
user_2415,user_2415
user_2416,user_2416
user_2417,user_2417
user_2418,user_2418
user_2419,user_2419
user_2420,user_2420
user_2421,user_2421
user_2422,user_2422
user_2423,user_2423
user_2424,user_2424
user_2425,user_2425
user_2426,user_2426
user_2427,user_2427
user_2428,user_2428
user_2429,user_2429
user_2430,user_2430
user_2431,user_2431
user_2432,user_2432
user_2433,user_2433
user_2434,user_2434
user_2435,user_2435
user_2436,user_2436
user_2437,user_2437
user_2438,user_2438
user_2439,user_2439
user_2440,user_2440
user_2441,user_2441
user_2442,user_2442
user_2443,user_2443
user_2444,user_2444
user_2445,user_2445
user_2446,user_2446
user_2447,user_2447
user_2448,user_2448
user_2449,user_2449
user_2450,user_2450
user_2451,user_2451
user_2452,user_2452
user_2453,user_2453
user_2454,user_2454
user_2455,user_2455
user_2456,user_2456
user_2457,user_2457
user_2458,user_2458
user_2459,user_2459
user_2460,user_2460
user_2461,user_2461
user_2462,user_2462
user_2463,user_2463
user_2464,user_2464
user_2465,user_2465
user_2466,user_2466
user_2467,user_2467
user_2468,user_2468
user_2469,user_2469
user_2470,user_2470
user_2471,user_2471
user_2472,user_2472
user_2473,user_2473
user_2474,user_2474
user_2475,user_2475
user_2476,user_2476
user_2477,user_2477
user_2478,user_2478
user_2479,user_2479
user_2480,user_2480
user_2481,user_2481
user_2482,user_2482
user_2483,user_2483
user_2484,user_2484
user_2485,user_2485
user_2486,user_2486
user_2487,user_2487
user_2488,user_2488
user_2489,user_2489
user_2490,user_2490
user_2491,user_2491
user_2492,user_2492
user_2493,user_2493
user_2494,user_2494
user_2495,user_2495
user_2496,user_2496
user_2497,user_2497
user_2498,user_2498
user_2499,user_2499
user_2500,user_2500
user_2501,user_2501
user_2502,user_2502
user_2503,user_2503
user_2504,user_2504
user_2505,user_2505
user_2506,user_2506
user_2507,user_2507
user_2508,user_2508
user_2509,user_2509
user_2510,user_2510
user_2511,user_2511
user_2512,user_2512
user_2513,user_2513
user_2514,user_2514
user_2515,user_2515
user_2516,user_2516
user_2517,user_2517
user_2518,user_2518
user_2519,user_2519
user_2520,user_2520
user_2521,user_2521
user_2522,user_2522
user_2523,user_2523
user_2524,user_2524
user_2525,user_2525
user_2526,user_2526
user_2527,user_2527
user_2528,user_2528
user_2529,user_2529
user_2530,user_2530
user_2531,user_2531
user_2532,user_2532
user_2533,user_2533
user_2534,user_2534
user_2535,user_2535
user_2536,user_2536
user_2537,user_2537
user_2538,user_2538
user_2539,user_2539
user_2540,user_2540
user_2541,user_2541
user_2542,user_2542
user_2543,user_2543
user_2544,user_2544
user_2545,user_2545
user_2546,user_2546
user_2547,user_2547
user_2548,user_2548
user_2549,user_2549
user_2550,user_2550
user_2551,user_2551
user_2552,user_2552
user_2553,user_2553
user_2554,user_2554
user_2555,user_2555
user_2556,user_2556
user_2557,user_2557
user_2558,user_2558
user_2559,user_2559
user_2560,user_2560
user_2561,user_2561
user_2562,user_2562
user_2563,user_2563
user_2564,user_2564
user_2565,user_2565
user_2566,user_2566
user_2567,user_2567
user_2568,user_2568
user_2569,user_2569
user_2570,user_2570
user_2571,user_2571
user_2572,user_2572
user_2573,user_2573
user_2574,user_2574
user_2575,user_2575
user_2576,user_2576
user_2577,user_2577
user_2578,user_2578
user_2579,user_2579
user_2580,user_2580
user_2581,user_2581
user_2582,user_2582
user_2583,user_2583
user_2584,user_2584
user_2585,user_2585
user_2586,user_2586
user_2587,user_2587
user_2588,user_2588
user_2589,user_2589
user_2590,user_2590
user_2591,user_2591
user_2592,user_2592
user_2593,user_2593
user_2594,user_2594
user_2595,user_2595
user_2596,user_2596
user_2597,user_2597
user_2598,user_2598
user_2599,user_2599
user_2600,user_2600
user_2601,user_2601
user_2602,user_2602
user_2603,user_2603
user_2604,user_2604
user_2605,user_2605
user_2606,user_2606
user_2607,user_2607
user_2608,user_2608
user_2609,user_2609
user_2610,user_2610
user_2611,user_2611
user_2612,user_2612
user_2613,user_2613
user_2614,user_2614
user_2615,user_2615
user_2616,user_2616
user_2617,user_2617
user_2618,user_2618
user_2619,user_2619
user_2620,user_2620
user_2621,user_2621
user_2622,user_2622
user_2623,user_2623
user_2624,user_2624
user_2625,user_2625
user_2626,user_2626
user_2627,user_2627
user_2628,user_2628
user_2629,user_2629
user_2630,user_2630
user_2631,user_2631
user_2632,user_2632
user_2633,user_2633
user_2634,user_2634
user_2635,user_2635
user_2636,user_2636
user_2637,user_2637
user_2638,user_2638
user_2639,user_2639
user_2640,user_2640
user_2641,user_2641
user_2642,user_2642
user_2643,user_2643
user_2644,user_2644
user_2645,user_2645
user_2646,user_2646
user_2647,user_2647
user_2648,user_2648
user_2649,user_2649
user_2650,user_2650
user_2651,user_2651
user_2652,user_2652
user_2653,user_2653
user_2654,user_2654
user_2655,user_2655
user_2656,user_2656
user_2657,user_2657
user_2658,user_2658
user_2659,user_2659
user_2660,user_2660
user_2661,user_2661
user_2662,user_2662
user_2663,user_2663
user_2664,user_2664
user_2665,user_2665
user_2666,user_2666
user_2667,user_2667
user_2668,user_2668
user_2669,user_2669
user_2670,user_2670
user_2671,user_2671
user_2672,user_2672
user_2673,user_2673
user_2674,user_2674
user_2675,user_2675
user_2676,user_2676
user_2677,user_2677
user_2678,user_2678
user_2679,user_2679
user_2680,user_2680
user_2681,user_2681
user_2682,user_2682
user_2683,user_2683
user_2684,user_2684
user_2685,user_2685
user_2686,user_2686
user_2687,user_2687
user_2688,user_2688
user_2689,user_2689
user_2690,user_2690
user_2691,user_2691
user_2692,user_2692
user_2693,user_2693
user_2694,user_2694
user_2695,user_2695
user_2696,user_2696
user_2697,user_2697
user_2698,user_2698
user_2699,user_2699
user_2700,user_2700
user_2701,user_2701
user_2702,user_2702
user_2703,user_2703
user_2704,user_2704
user_2705,user_2705
user_2706,user_2706
user_2707,user_2707
user_2708,user_2708
user_2709,user_2709
user_2710,user_2710
user_2711,user_2711
user_2712,user_2712
user_2713,user_2713
user_2714,user_2714
user_2715,user_2715
user_2716,user_2716
user_2717,user_2717
user_2718,user_2718
user_2719,user_2719
user_2720,user_2720
user_2721,user_2721
user_2722,user_2722
user_2723,user_2723
user_2724,user_2724
user_2725,user_2725
user_2726,user_2726
user_2727,user_2727
user_2728,user_2728
user_2729,user_2729
user_2730,user_2730
user_2731,user_2731
user_2732,user_2732
user_2733,user_2733
user_2734,user_2734
user_2735,user_2735
user_2736,user_2736
user_2737,user_2737
user_2738,user_2738
user_2739,user_2739
user_2740,user_2740
user_2741,user_2741
user_2742,user_2742
user_2743,user_2743
user_2744,user_2744
user_2745,user_2745
user_2746,user_2746
user_2747,user_2747
user_2748,user_2748
user_2749,user_2749
user_2750,user_2750
user_2751,user_2751
user_2752,user_2752
user_2753,user_2753
user_2754,user_2754
user_2755,user_2755
user_2756,user_2756
user_2757,user_2757
user_2758,user_2758
user_2759,user_2759
user_2760,user_2760
user_2761,user_2761
user_2762,user_2762
user_2763,user_2763
user_2764,user_2764
user_2765,user_2765
user_2766,user_2766
user_2767,user_2767
user_2768,user_2768
user_2769,user_2769
user_2770,user_2770
user_2771,user_2771
user_2772,user_2772
user_2773,user_2773
user_2774,user_2774
user_2775,user_2775
user_2776,user_2776
user_2777,user_2777
user_2778,user_2778
user_2779,user_2779
user_2780,user_2780
user_2781,user_2781
user_2782,user_2782
user_2783,user_2783
user_2784,user_2784
user_2785,user_2785
user_2786,user_2786
user_2787,user_2787
user_2788,user_2788
user_2789,user_2789
user_2790,user_2790
user_2791,user_2791
user_2792,user_2792
user_2793,user_2793
user_2794,user_2794
user_2795,user_2795
user_2796,user_2796
user_2797,user_2797
user_2798,user_2798
user_2799,user_2799
user_2800,user_2800
user_2801,user_2801
user_2802,user_2802
user_2803,user_2803
user_2804,user_2804
user_2805,user_2805
user_2806,user_2806
user_2807,user_2807
user_2808,user_2808
user_2809,user_2809
user_2810,user_2810
user_2811,user_2811
user_2812,user_2812
user_2813,user_2813
user_2814,user_2814
user_2815,user_2815
user_2816,user_2816
user_2817,user_2817
user_2818,user_2818
user_2819,user_2819
user_2820,user_2820
user_2821,user_2821
user_2822,user_2822
user_2823,user_2823
user_2824,user_2824
user_2825,user_2825
user_2826,user_2826
user_2827,user_2827
user_2828,user_2828
user_2829,user_2829
user_2830,user_2830
user_2831,user_2831
user_2832,user_2832
user_2833,user_2833
user_2834,user_2834
user_2835,user_2835
user_2836,user_2836
user_2837,user_2837
user_2838,user_2838
user_2839,user_2839
user_2840,user_2840
user_2841,user_2841
user_2842,user_2842
user_2843,user_2843
user_2844,user_2844
user_2845,user_2845
user_2846,user_2846
user_2847,user_2847
user_2848,user_2848
user_2849,user_2849
user_2850,user_2850
user_2851,user_2851
user_2852,user_2852
user_2853,user_2853
user_2854,user_2854
user_2855,user_2855
user_2856,user_2856
user_2857,user_2857
user_2858,user_2858
user_2859,user_2859
user_2860,user_2860
user_2861,user_2861
user_2862,user_2862
user_2863,user_2863
user_2864,user_2864
user_2865,user_2865
user_2866,user_2866
user_2867,user_2867
user_2868,user_2868
user_2869,user_2869
user_2870,user_2870
user_2871,user_2871
user_2872,user_2872
user_2873,user_2873
user_2874,user_2874
user_2875,user_2875
user_2876,user_2876
user_2877,user_2877
user_2878,user_2878
user_2879,user_2879
user_2880,user_2880
user_2881,user_2881
user_2882,user_2882
user_2883,user_2883
user_2884,user_2884
user_2885,user_2885
user_2886,user_2886
user_2887,user_2887
user_2888,user_2888
user_2889,user_2889
user_2890,user_2890
user_2891,user_2891
user_2892,user_2892
user_2893,user_2893
user_2894,user_2894
user_2895,user_2895
user_2896,user_2896
user_2897,user_2897
user_2898,user_2898
user_2899,user_2899
user_2900,user_2900
user_2901,user_2901
user_2902,user_2902
user_2903,user_2903
user_2904,user_2904
user_2905,user_2905
user_2906,user_2906
user_2907,user_2907
user_2908,user_2908
user_2909,user_2909
user_2910,user_2910
user_2911,user_2911
user_2912,user_2912
user_2913,user_2913
user_2914,user_2914
user_2915,user_2915
user_2916,user_2916
user_2917,user_2917
user_2918,user_2918
user_2919,user_2919
user_2920,user_2920
user_2921,user_2921
user_2922,user_2922
user_2923,user_2923
user_2924,user_2924
user_2925,user_2925
user_2926,user_2926
user_2927,user_2927
user_2928,user_2928
user_2929,user_2929
user_2930,user_2930
user_2931,user_2931
user_2932,user_2932
user_2933,user_2933
user_2934,user_2934
user_2935,user_2935
user_2936,user_2936
user_2937,user_2937
user_2938,user_2938
user_2939,user_2939
user_2940,user_2940
user_2941,user_2941
user_2942,user_2942
user_2943,user_2943
user_2944,user_2944
user_2945,user_2945
user_2946,user_2946
user_2947,user_2947
user_2948,user_2948
user_2949,user_2949
user_2950,user_2950
user_2951,user_2951
user_2952,user_2952
user_2953,user_2953
user_2954,user_2954
user_2955,user_2955
user_2956,user_2956
user_2957,user_2957
user_2958,user_2958
user_2959,user_2959
user_2960,user_2960
user_2961,user_2961
user_2962,user_2962
user_2963,user_2963
user_2964,user_2964
user_2965,user_2965
user_2966,user_2966
user_2967,user_2967
user_2968,user_2968
user_2969,user_2969
user_2970,user_2970
user_2971,user_2971
user_2972,user_2972
user_2973,user_2973
user_2974,user_2974
user_2975,user_2975
user_2976,user_2976
user_2977,user_2977
user_2978,user_2978
user_2979,user_2979
user_2980,user_2980
user_2981,user_2981
user_2982,user_2982
user_2983,user_2983
user_2984,user_2984
user_2985,user_2985
user_2986,user_2986
user_2987,user_2987
user_2988,user_2988
user_2989,user_2989
user_2990,user_2990
user_2991,user_2991
user_2992,user_2992
user_2993,user_2993
user_2994,user_2994
user_2995,user_2995
user_2996,user_2996
user_2997,user_2997
user_2998,user_2998
user_2999,user_2999
user_3000,user_3000
